/media/mobile/myExperiment/apps/apks_wandoujia/apks/all_app/小学英语100分.apk,18.972118377685547
/media/mobile/myExperiment/apps/apks_wandoujia/apks/all_app/今日头条.apk,12.056434631347656
/media/mobile/myExperiment/apps/apks_wandoujia/apks/all_app/酷我听书.apk,9.609661102294922
/media/mobile/myExperiment/apps/apks_wandoujia/apks/all_app/每日瑜伽.apk,25.43465518951416
/media/mobile/myExperiment/apps/apks_wandoujia/apks/all_app/WhatsApp .apk,32.9956750869751
/media/mobile/myExperiment/apps/apks_wandoujia/apks/all_app/Prisma艺术相机.apk,5.532260894775391
/media/mobile/myExperiment/apps/apks_wandoujia/apks/all_app/丁香医生.apk,8.354630470275879
/media/mobile/myExperiment/apps/apks_wandoujia/apks/all_app/屏幕亮度调节.apk,0.036087989807128906
/media/mobile/myExperiment/apps/apks_wandoujia/apks/all_app/90后小清新动态壁纸.apk,4.439577102661133
/media/mobile/myExperiment/apps/apks_wandoujia/apks/all_app/Blur壁纸工具.apk,13.208564758300781
/media/mobile/myExperiment/apps/apks_wandoujia/apks/all_app/安卓手电筒.apk,2.0135889053344727
/media/mobile/myExperiment/apps/apks_wandoujia/apks/all_app/大众点评.apk,40.70419406890869
/media/mobile/myExperiment/apps/apks_wandoujia/apks/all_app/美食杰.apk,22.6634464263916
/media/mobile/myExperiment/apps/apks_wandoujia/apks/all_app/LT来电闪光.apk,3.041447639465332
/media/mobile/myExperiment/apps/apks_wandoujia/apks/all_app/GPS 测试仪​​​​​​.apk,0.6520662307739258
/media/mobile/myExperiment/apps/apks_wandoujia/apks/all_app/CNTV奥运直播.apk,0.5600080490112305
/media/mobile/myExperiment/apps/apks_wandoujia/apks/all_app/Runtastic Sit-Ups PRO仰卧起坐软件专业版.apk,15.839873313903809
/media/mobile/myExperiment/apps/apks_wandoujia/apks/all_app/少儿趣配音.apk,24.548072814941406
/media/mobile/myExperiment/apps/apks_wandoujia/apks/all_app/OSU.apk,4.544255256652832
/media/mobile/myExperiment/apps/apks_wandoujia/apks/all_app/腾讯新闻.apk,21.634544372558594
/media/mobile/myExperiment/apps/apks_wandoujia/apks/all_app/AA小说下载阅读器.apk,2.725566864013672
/media/mobile/myExperiment/apps/apks_wandoujia/apks/all_app/优酷.apk,50.379438400268555
/media/mobile/myExperiment/apps/apks_wandoujia/apks/all_app/酷划锁屏.apk,9.288228034973145
/media/mobile/myExperiment/apps/apks_wandoujia/apks/all_app/玩吧.apk,22.405678749084473
/media/mobile/myExperiment/apps/apks_wandoujia/apks/all_app/宝宝学蔬菜.apk,34.71678924560547
/media/mobile/myExperiment/apps/apks_wandoujia/apks/all_app/Google 地球.apk,9.120908737182617
/media/mobile/myExperiment/apps/apks_wandoujia/apks/all_app/企鹅FM.apk,12.997716903686523
/media/mobile/myExperiment/apps/apks_wandoujia/apks/all_app/纳米盒.apk,44.72929859161377
/media/mobile/myExperiment/apps/apks_wandoujia/apks/all_app/Booking.com缤客.apk,31.112775802612305
/media/mobile/myExperiment/apps/apks_wandoujia/apks/all_app/乐动力.apk,41.048885345458984
/media/mobile/myExperiment/apps/apks_wandoujia/apks/all_app/正点闹钟.apk,15.720175743103027
/media/mobile/myExperiment/apps/apks_wandoujia/apks/all_app/Nike+ Running.apk,36.360032081604004
/media/mobile/myExperiment/apps/apks_wandoujia/apks/all_app/虾米音乐.apk,21.62154483795166
/media/mobile/myExperiment/apps/apks_wandoujia/apks/all_app/最美壁纸.apk,10.792311668395996
/media/mobile/myExperiment/apps/apks_wandoujia/apks/all_app/秀壁纸.apk,4.496105194091797
/media/mobile/myExperiment/apps/apks_wandoujia/apks/all_app/系统程序安全卸载器.apk,0.9506874084472656
/media/mobile/myExperiment/apps/apks_wandoujia/apks/all_app/模拟农场.apk,50.553160667419434
/media/mobile/myExperiment/apps/apks_wandoujia/apks/all_app/古诗词典.apk,21.026819229125977
/media/mobile/myExperiment/apps/apks_wandoujia/apks/all_app/Google Play Services.apk,31.464876174926758
/media/mobile/myExperiment/apps/apks_wandoujia/apks/all_app/95美女秀.apk,12.680152893066406
/media/mobile/myExperiment/apps/apks_wandoujia/apks/all_app/FT中文网.apk,0.9847202301025391
/media/mobile/myExperiment/apps/apks_wandoujia/apks/all_app/百词斩.apk,35.63161659240723
/media/mobile/myExperiment/apps/apks_wandoujia/apks/all_app/结缘.apk,3.4080448150634766
/media/mobile/myExperiment/apps/apks_wandoujia/apks/all_app/同城夜约会.apk,6.258213996887207
/media/mobile/myExperiment/apps/apks_wandoujia/apks/all_app/imo 免费视频通话和聊天.apk,6.094207763671875
/media/mobile/myExperiment/apps/apks_wandoujia/apks/all_app/沪江开心词场.apk,30.63831329345703
/media/mobile/myExperiment/apps/apks_wandoujia/apks/all_app/儿歌多多.apk,9.578255653381348
/media/mobile/myExperiment/apps/apks_wandoujia/apks/all_app/豆果美食.apk,7.630971908569336
/media/mobile/myExperiment/apps/apks_wandoujia/apks/all_app/酷音铃声.apk,8.440081596374512
/media/mobile/myExperiment/apps/apks_wandoujia/apks/all_app/百度输入法.apk,22.23576545715332
/media/mobile/myExperiment/apps/apks_wandoujia/apks/all_app/腾讯手机管家.apk,16.57190227508545
/media/mobile/myExperiment/apps/apks_wandoujia/apks/all_app/作家助手.apk,13.843271255493164
/media/mobile/myExperiment/apps/apks_wandoujia/apks/all_app/城市旅游指南Guides.apk,42.47514629364014
/media/mobile/myExperiment/apps/apks_wandoujia/apks/all_app/小蓝单车.apk,14.371797561645508
/media/mobile/myExperiment/apps/apks_wandoujia/apks/all_app/宝宝巴士大全.apk,5.095606803894043
/media/mobile/myExperiment/apps/apks_wandoujia/apks/all_app/3D视差背景.apk,20.072213172912598
/media/mobile/myExperiment/apps/apks_wandoujia/apks/all_app/网易彩票.apk,18.86662769317627
/media/mobile/myExperiment/apps/apks_wandoujia/apks/all_app/美团众包.apk,8.640853881835938
/media/mobile/myExperiment/apps/apks_wandoujia/apks/all_app/快读免费小说.apk,5.215221405029297
/media/mobile/myExperiment/apps/apks_wandoujia/apks/all_app/极速清理.apk,2.4843521118164062
/media/mobile/myExperiment/apps/apks_wandoujia/apks/all_app/优酷大屏幕for Pad.apk,12.169646263122559
/media/mobile/myExperiment/apps/apks_wandoujia/apks/all_app/得到.apk,17.32473659515381
/media/mobile/myExperiment/apps/apks_wandoujia/apks/all_app/HD Landscape Walls.apk,2.709949493408203
/media/mobile/myExperiment/apps/apks_wandoujia/apks/all_app/多看阅读.apk,16.17008113861084
/media/mobile/myExperiment/apps/apks_wandoujia/apks/all_app/Chrome.apk,44.83376884460449
/media/mobile/myExperiment/apps/apks_wandoujia/apks/all_app/一键锁屏.apk,0.0105743408203125
/media/mobile/myExperiment/apps/apks_wandoujia/apks/all_app/APUS.apk,8.709944725036621
/media/mobile/myExperiment/apps/apks_wandoujia/apks/all_app/网易公开课.apk,17.553601264953613
/media/mobile/myExperiment/apps/apks_wandoujia/apks/all_app/CCTV微视.apk,27.819355964660645
/media/mobile/myExperiment/apps/apks_wandoujia/apks/all_app/7分钟锻炼 Seven.apk,49.3451042175293
/media/mobile/myExperiment/apps/apks_wandoujia/apks/all_app/Elun主题.apk,21.02865695953369
/media/mobile/myExperiment/apps/apks_wandoujia/apks/all_app/葫芦侠我的世界.apk,23.105266571044922
/media/mobile/myExperiment/apps/apks_wandoujia/apks/all_app/拍大师.apk,18.398784637451172
/media/mobile/myExperiment/apps/apks_wandoujia/apks/all_app/风行视频.apk,16.84617328643799
/media/mobile/myExperiment/apps/apks_wandoujia/apks/all_app/QQ HD.apk,34.26217460632324
/media/mobile/myExperiment/apps/apks_wandoujia/apks/all_app/丁香园.apk,10.891043663024902
/media/mobile/myExperiment/apps/apks_wandoujia/apks/all_app/QQ音乐.apk,23.29279327392578
/media/mobile/myExperiment/apps/apks_wandoujia/apks/all_app/哔哩哔哩动画.apk,29.551955223083496
/media/mobile/myExperiment/apps/apks_wandoujia/apks/all_app/宝宝懂礼貌.apk,34.17379283905029
/media/mobile/myExperiment/apps/apks_wandoujia/apks/all_app/号簿助手.apk,17.934218406677246
/media/mobile/myExperiment/apps/apks_wandoujia/apks/all_app/Uber优步.apk,10.377415657043457
/media/mobile/myExperiment/apps/apks_wandoujia/apks/all_app/RE文件管理器.apk,2.6568689346313477
/media/mobile/myExperiment/apps/apks_wandoujia/apks/all_app/91老人桌面.apk,2.7403154373168945
/media/mobile/myExperiment/apps/apks_wandoujia/apks/all_app/SNOW相机.apk,69.09611225128174
/media/mobile/myExperiment/apps/apks_wandoujia/apks/all_app/DynEd.apk,16.79178237915039
/media/mobile/myExperiment/apps/apks_wandoujia/apks/all_app/爱奇艺PPS.apk,27.954734802246094
/media/mobile/myExperiment/apps/apks_wandoujia/apks/all_app/即刻.apk,11.919514656066895
/media/mobile/myExperiment/apps/apks_wandoujia/apks/all_app/百度音乐.apk,16.32229995727539
/media/mobile/myExperiment/apps/apks_wandoujia/apks/all_app/运满满司机.apk,16.793828010559082
/media/mobile/myExperiment/apps/apks_wandoujia/apks/all_app/百姓网.apk,17.856969833374023
/media/mobile/myExperiment/apps/apks_wandoujia/apks/all_app/LINE Camera.apk,37.296698570251465
/media/mobile/myExperiment/apps/apks_wandoujia/apks/all_app/i练-场馆版.apk,5.365344047546387
/media/mobile/myExperiment/apps/apks_wandoujia/apks/all_app/触手直播.apk,35.71888542175293
/media/mobile/myExperiment/apps/apks_wandoujia/apks/all_app/科学计算器.apk,2.7815914154052734
/media/mobile/myExperiment/apps/apks_wandoujia/apks/all_app/悦跑圈运动计步器.apk,33.31844234466553
/media/mobile/myExperiment/apps/apks_wandoujia/apks/all_app/铃声大全.apk,9.835262298583984
/media/mobile/myExperiment/apps/apks_wandoujia/apks/all_app/极速安全VPN.apk,11.614448547363281
/media/mobile/myExperiment/apps/apks_wandoujia/apks/all_app/咪咕视频.apk,22.82531452178955
/media/mobile/myExperiment/apps/apks_wandoujia/apks/all_app/虚拟按键大师.apk,4.3111772537231445
/media/mobile/myExperiment/apps/apks_wandoujia/apks/all_app/超级指南针.apk,2.697760581970215
/media/mobile/myExperiment/apps/apks_wandoujia/apks/all_app/小米计算器.apk,5.58748722076416
/media/mobile/myExperiment/apps/apks_wandoujia/apks/all_app/我查查.apk,12.496347427368164
/media/mobile/myExperiment/apps/apks_wandoujia/apks/all_app/FBI指纹.apk,2.265604019165039
/media/mobile/myExperiment/apps/apks_wandoujia/apks/all_app/京东金融.apk,36.4155969619751
/media/mobile/myExperiment/apps/apks_wandoujia/apks/all_app/链家.apk,34.34944152832031
/media/mobile/myExperiment/apps/apks_wandoujia/apks/all_app/狼人杀.apk,31.927509307861328
/media/mobile/myExperiment/apps/apks_wandoujia/apks/all_app/多玩我的世界盒子.apk,21.71706199645996
/media/mobile/myExperiment/apps/apks_wandoujia/apks/all_app/cc来电炫图.apk,5.888188362121582
/media/mobile/myExperiment/apps/apks_wandoujia/apks/all_app/Poweramp.apk,6.698751449584961
/media/mobile/myExperiment/apps/apks_wandoujia/apks/all_app/百度文库.apk,15.716483116149902
/media/mobile/myExperiment/apps/apks_wandoujia/apks/all_app/沪江网校.apk,55.268571853637695
/media/mobile/myExperiment/apps/apks_wandoujia/apks/all_app/7分钟的锻炼 7 Minute Workout.apk,0.8667173385620117
/media/mobile/myExperiment/apps/apks_wandoujia/apks/all_app/iFANCL CN.apk,14.825055122375488
/media/mobile/myExperiment/apps/apks_wandoujia/apks/all_app/GG泰拉瑞亚盒子.apk,3.9391117095947266
/media/mobile/myExperiment/apps/apks_wandoujia/apks/all_app/百度视频.apk,45.56208419799805
/media/mobile/myExperiment/apps/apks_wandoujia/apks/all_app/三星主题商店.apk,2.311880111694336
/media/mobile/myExperiment/apps/apks_wandoujia/apks/all_app/龙卷风收音机.apk,1.5163288116455078
/media/mobile/myExperiment/apps/apks_wandoujia/apks/all_app/导航犬.apk,38.894779205322266
/media/mobile/myExperiment/apps/apks_wandoujia/apks/all_app/芒果TV.apk,29.960148811340332
/media/mobile/myExperiment/apps/apks_wandoujia/apks/all_app/有道翻译官.apk,50.53869915008545
/media/mobile/myExperiment/apps/apks_wandoujia/apks/all_app/超级抢红包助手.apk,3.459538459777832
/media/mobile/myExperiment/apps/apks_wandoujia/apks/all_app/穷游.apk,17.186260223388672
/media/mobile/myExperiment/apps/apks_wandoujia/apks/all_app/Boss直聘.apk,17.645400047302246
/media/mobile/myExperiment/apps/apks_wandoujia/apks/all_app/HIGO.apk,6.506353378295898
/media/mobile/myExperiment/apps/apks_wandoujia/apks/all_app/ANT桌面.apk,1.8962602615356445
/media/mobile/myExperiment/apps/apks_wandoujia/apks/all_app/KakaoTalk.apk,45.97929859161377
/media/mobile/myExperiment/apps/apks_wandoujia/apks/all_app/8868手游交易.apk,8.510616302490234
/media/mobile/myExperiment/apps/apks_wandoujia/apks/all_app/探探.apk,14.715691566467285
/media/mobile/myExperiment/apps/apks_wandoujia/apks/all_app/MIX滤镜大师.apk,34.95513439178467
/media/mobile/myExperiment/apps/apks_wandoujia/apks/all_app/驾校一点通.apk,64.75729560852051
/media/mobile/myExperiment/apps/apks_wandoujia/apks/all_app/咕咚.apk,45.91358470916748
/media/mobile/myExperiment/apps/apks_wandoujia/apks/all_app/今日头条极速版.apk,3.6256608963012695
/media/mobile/myExperiment/apps/apks_wandoujia/apks/all_app/BBC双语新闻.apk,10.376651763916016
/media/mobile/myExperiment/apps/apks_wandoujia/apks/all_app/Nova Launcher.apk,7.53873348236084
/media/mobile/myExperiment/apps/apks_wandoujia/apks/all_app/Nike+ Training Club.apk,70.84499263763428
/media/mobile/myExperiment/apps/apks_wandoujia/apks/all_app/有缘网.apk,6.097719192504883
/media/mobile/myExperiment/apps/apks_wandoujia/apks/all_app/GO天气EX.apk,12.83090591430664
/media/mobile/myExperiment/apps/apks_wandoujia/apks/all_app/亲宝宝.apk,14.56302547454834
/media/mobile/myExperiment/apps/apks_wandoujia/apks/all_app/TP-LINK.apk,11.252918243408203
/media/mobile/myExperiment/apps/apks_wandoujia/apks/all_app/Runtastic Heart Rate PRO心率软件.apk,12.667215347290039
/media/mobile/myExperiment/apps/apks_wandoujia/apks/all_app/百度贴吧.apk,36.439456939697266
/media/mobile/myExperiment/apps/apks_wandoujia/apks/all_app/免费wifi电话.apk,8.03469181060791
/media/mobile/myExperiment/apps/apks_wandoujia/apks/all_app/纹字锁屏.apk,6.794283866882324
/media/mobile/myExperiment/apps/apks_wandoujia/apks/all_app/扫一扫.apk,2.707716941833496
/media/mobile/myExperiment/apps/apks_wandoujia/apks/all_app/DIY 动态壁纸.apk,1.898512840270996
/media/mobile/myExperiment/apps/apks_wandoujia/apks/all_app/锤子桌面.apk,36.578147888183594
/media/mobile/myExperiment/apps/apks_wandoujia/apks/all_app/58同城.apk,36.58956336975098
/media/mobile/myExperiment/apps/apks_wandoujia/apks/all_app/SHOPBOP.apk,5.88484001159668
/media/mobile/myExperiment/apps/apks_wandoujia/apks/all_app/上海地铁.apk,21.623279571533203
/media/mobile/myExperiment/apps/apks_wandoujia/apks/all_app/Fotor.apk,29.570545196533203
/media/mobile/myExperiment/apps/apks_wandoujia/apks/all_app/百度一键root.apk,10.680776596069336
/media/mobile/myExperiment/apps/apks_wandoujia/apks/all_app/Moves.apk,9.775537490844727
/media/mobile/myExperiment/apps/apks_wandoujia/apks/all_app/挖财宝.apk,16.700376510620117
/media/mobile/myExperiment/apps/apks_wandoujia/apks/all_app/500 Firepaper动态壁纸.apk,1.5399818420410156
/media/mobile/myExperiment/apps/apks_wandoujia/apks/all_app/CoCo桌面.apk,9.800889015197754
/media/mobile/myExperiment/apps/apks_wandoujia/apks/all_app/来电拦截专家.apk,0.975062370300293
/media/mobile/myExperiment/apps/apks_wandoujia/apks/all_app/WiFi万能密码.apk,8.759395599365234
/media/mobile/myExperiment/apps/apks_wandoujia/apks/all_app/照顾小宝宝-宝宝巴士.apk,42.95975399017334
/media/mobile/myExperiment/apps/apks_wandoujia/apks/all_app/车主无忧.apk,9.229005813598633
/media/mobile/myExperiment/apps/apks_wandoujia/apks/all_app/MyFitnessPal减肥宝.apk,25.006317138671875
/media/mobile/myExperiment/apps/apks_wandoujia/apks/all_app/HiddenTag C.O.P..apk,7.161381721496582
/media/mobile/myExperiment/apps/apks_wandoujia/apks/all_app/微话.apk,17.51315689086914
/media/mobile/myExperiment/apps/apks_wandoujia/apks/all_app/快贷.apk,27.211159706115723
/media/mobile/myExperiment/apps/apks_wandoujia/apks/all_app/7分钟的锻炼.apk,9.297086715698242
/media/mobile/myExperiment/apps/apks_wandoujia/apks/all_app/平安金管家.apk,32.07008743286133
/media/mobile/myExperiment/apps/apks_wandoujia/apks/all_app/Musixmatch.apk,12.314661026000977
/media/mobile/myExperiment/apps/apks_wandoujia/apks/all_app/扇贝听力.apk,12.179437637329102
/media/mobile/myExperiment/apps/apks_wandoujia/apks/all_app/Cortana 微软小娜.apk,24.955723762512207
/media/mobile/myExperiment/apps/apks_wandoujia/apks/all_app/Adobe Acrobat DC.apk,18.038835525512695
/media/mobile/myExperiment/apps/apks_wandoujia/apks/all_app/空气锁屏.apk,6.843767166137695
/media/mobile/myExperiment/apps/apks_wandoujia/apks/all_app/Hola桌面.apk,4.604769706726074
/media/mobile/myExperiment/apps/apks_wandoujia/apks/all_app/二手车之家.apk,10.156587600708008
/media/mobile/myExperiment/apps/apks_wandoujia/apks/all_app/鲜柚桌面.apk,23.1737003326416
/media/mobile/myExperiment/apps/apks_wandoujia/apks/all_app/360安全通讯录.apk,4.960561752319336
/media/mobile/myExperiment/apps/apks_wandoujia/apks/all_app/Forest.apk,31.7609920501709
/media/mobile/myExperiment/apps/apks_wandoujia/apks/all_app/TED演讲.apk,13.114449501037598
/media/mobile/myExperiment/apps/apks_wandoujia/apks/all_app/微锁屏.apk,3.2988643646240234
/media/mobile/myExperiment/apps/apks_wandoujia/apks/all_app/天气预报.apk,4.391831398010254
/media/mobile/myExperiment/apps/apks_wandoujia/apks/all_app/书旗小说.apk,23.438730239868164
/media/mobile/myExperiment/apps/apks_wandoujia/apks/all_app/懒人周末.apk,16.42454242706299
/media/mobile/myExperiment/apps/apks_wandoujia/apks/all_app/12306官方版.apk,18.35949420928955
/media/mobile/myExperiment/apps/apks_wandoujia/apks/all_app/Runtastic Push-Ups俯卧撑应用程序.apk,16.006991386413574
/media/mobile/myExperiment/apps/apks_wandoujia/apks/all_app/100tv聚好看.apk,14.41361141204834
/media/mobile/myExperiment/apps/apks_wandoujia/apks/all_app/4G电话.apk,5.148999214172363
/media/mobile/myExperiment/apps/apks_wandoujia/apks/all_app/腾讯游戏助手.apk,26.350412368774414
/media/mobile/myExperiment/apps/apks_wandoujia/apks/all_app/1号店.apk,43.21143817901611
/media/mobile/myExperiment/apps/apks_wandoujia/apks/all_app/宝宝学数字.apk,46.625609397888184
/media/mobile/myExperiment/apps/apks_wandoujia/apks/all_app/CNN在线新闻 v1.4.1.apk,29.99416160583496
/media/mobile/myExperiment/apps/apks_wandoujia/apks/all_app/3D 三星Note5 桌面.apk,5.472867012023926
/media/mobile/myExperiment/apps/apks_wandoujia/apks/all_app/爱奇艺动画屋.apk,17.765657424926758
/media/mobile/myExperiment/apps/apks_wandoujia/apks/all_app/1元夺宝.apk,15.220500946044922
/media/mobile/myExperiment/apps/apks_wandoujia/apks/all_app/糗事百科.apk,24.587700843811035
/media/mobile/myExperiment/apps/apks_wandoujia/apks/all_app/同花顺炒股票.apk,32.26226806640625
/media/mobile/myExperiment/apps/apks_wandoujia/apks/all_app/E宠商城.apk,18.763617515563965
/media/mobile/myExperiment/apps/apks_wandoujia/apks/all_app/百度贴吧极速版.apk,5.56928825378418
/media/mobile/myExperiment/apps/apks_wandoujia/apks/all_app/老板锁屏.apk,20.410408973693848
/media/mobile/myExperiment/apps/apks_wandoujia/apks/all_app/微会.apk,33.073408126831055
/media/mobile/myExperiment/apps/apks_wandoujia/apks/all_app/爱吾游戏宝盒.apk,1.4104576110839844
/media/mobile/myExperiment/apps/apks_wandoujia/apks/all_app/Ginger 键盘.apk,41.940120697021484
/media/mobile/myExperiment/apps/apks_wandoujia/apks/all_app/GPS测试.apk,2.698552131652832
/media/mobile/myExperiment/apps/apks_wandoujia/apks/all_app/美柚.apk,37.020323753356934
/media/mobile/myExperiment/apps/apks_wandoujia/apks/all_app/ES文件浏览器.apk,10.636879920959473
/media/mobile/myExperiment/apps/apks_wandoujia/apks/all_app/微微电话.apk,24.739197731018066
/media/mobile/myExperiment/apps/apks_wandoujia/apks/all_app/智能感应计步器.apk,1.4943103790283203
/media/mobile/myExperiment/apps/apks_wandoujia/apks/all_app/Buzz小部件.apk,6.523318290710449
/media/mobile/myExperiment/apps/apks_wandoujia/apks/all_app/Movnow.apk,5.626082420349121
/media/mobile/myExperiment/apps/apks_wandoujia/apks/all_app/英语流利说.apk,39.35279846191406
/media/mobile/myExperiment/apps/apks_wandoujia/apks/all_app/懂球帝.apk,15.696045875549316
/media/mobile/myExperiment/apps/apks_wandoujia/apks/all_app/春雨医生.apk,20.056294441223145
/media/mobile/myExperiment/apps/apks_wandoujia/apks/all_app/我的世界联机平台.apk,21.322803497314453
/media/mobile/myExperiment/apps/apks_wandoujia/apks/all_app/星巴克.apk,24.137158393859863
/media/mobile/myExperiment/apps/apks_wandoujia/apks/all_app/com.aldiko.android.apk,15.179101943969727
/media/mobile/myExperiment/apps/apks_wandoujia/apks/all_app/安兔兔评测.apk,12.94468879699707
/media/mobile/myExperiment/apps/apks_wandoujia/apks/all_app/Steam.apk,2.4098520278930664
/media/mobile/myExperiment/apps/apks_wandoujia/apks/all_app/3D动态金鱼.apk,5.091025352478027
/media/mobile/myExperiment/apps/apks_wandoujia/apks/all_app/34金币管理.apk,1.1616191864013672
/media/mobile/myExperiment/apps/apks_wandoujia/apks/all_app/狼人杀Online.apk,22.21812629699707
/media/mobile/myExperiment/apps/apks_wandoujia/apks/all_app/世纪佳缘.apk,28.54335594177246
/media/mobile/myExperiment/apps/apks_wandoujia/apks/all_app/小月历.apk,12.513530731201172
/media/mobile/myExperiment/apps/apks_wandoujia/apks/all_app/BESTKEEP.apk,14.05580997467041
/media/mobile/myExperiment/apps/apks_wandoujia/apks/all_app/Finger学吉他钢琴曲谱.apk,54.94415283203125
/media/mobile/myExperiment/apps/apks_wandoujia/apks/all_app/点心桌面.apk,8.641351699829102
/media/mobile/myExperiment/apps/apks_wandoujia/apks/all_app/声控锁屏.apk,5.637811660766602
/media/mobile/myExperiment/apps/apks_wandoujia/apks/all_app/TST庭秘密（正式版）.apk,4.909891128540039
/media/mobile/myExperiment/apps/apks_wandoujia/apks/all_app/iNoty苹果通知栏.apk,1.3876533508300781
/media/mobile/myExperiment/apps/apks_wandoujia/apks/all_app/中华万年历.apk,10.632242202758789
/media/mobile/myExperiment/apps/apks_wandoujia/apks/all_app/9块9包邮购.apk,22.863693237304688
/media/mobile/myExperiment/apps/apks_wandoujia/apks/all_app/CIBN全球购.apk,6.8745880126953125
/media/mobile/myExperiment/apps/apks_wandoujia/apks/all_app/浦发手机银行.apk,37.023722648620605
/media/mobile/myExperiment/apps/apks_wandoujia/apks/all_app/动动.apk,13.795919418334961
/media/mobile/myExperiment/apps/apks_wandoujia/apks/all_app/Lifesum - The Health Movement.apk,29.143850326538086
/media/mobile/myExperiment/apps/apks_wandoujia/apks/all_app/瓜子二手车.apk,16.499116897583008
/media/mobile/myExperiment/apps/apks_wandoujia/apks/all_app/Fox News 福克斯新闻.apk,25.54679012298584
/media/mobile/myExperiment/apps/apks_wandoujia/apks/all_app/QQ音乐HD.apk,12.72948169708252
/media/mobile/myExperiment/apps/apks_wandoujia/apks/all_app/Gofun出行.apk,16.8128662109375
/media/mobile/myExperiment/apps/apks_wandoujia/apks/all_app/通通免费电话.apk,10.794254302978516
/media/mobile/myExperiment/apps/apks_wandoujia/apks/all_app/百度外卖.apk,16.35247230529785
/media/mobile/myExperiment/apps/apks_wandoujia/apks/all_app/和我信.apk,29.353262901306152
/media/mobile/myExperiment/apps/apks_wandoujia/apks/all_app/搜狗输入法.apk,21.521564483642578
/media/mobile/myExperiment/apps/apks_wandoujia/apks/all_app/宝宝幼儿园.apk,48.2865571975708
/media/mobile/myExperiment/apps/apks_wandoujia/apks/all_app/6周完美健身.apk,6.009146690368652
/media/mobile/myExperiment/apps/apks_wandoujia/apks/all_app/唱吧.apk,60.51095485687256
/media/mobile/myExperiment/apps/apks_wandoujia/apks/all_app/QQ安全中心.apk,13.338642120361328
/media/mobile/myExperiment/apps/apks_wandoujia/apks/all_app/0013网咖.apk,14.714771270751953
/media/mobile/myExperiment/apps/apks_wandoujia/apks/all_app/手机电视.apk,22.87558937072754
/media/mobile/myExperiment/apps/apks_wandoujia/apks/all_app/用钱宝.apk,8.849231719970703
/media/mobile/myExperiment/apps/apks_wandoujia/apks/all_app/ 科学计算器​​​​​.apk,0.5750055313110352
/media/mobile/myExperiment/apps/apks_wandoujia/apks/all_app/宝宝行为认知.apk,37.8598518371582
/media/mobile/myExperiment/apps/apks_wandoujia/apks/all_app/斗鱼.apk,59.41827964782715
/media/mobile/myExperiment/apps/apks_wandoujia/apks/all_app/转移到 iOS.apk,2.3378725051879883
/media/mobile/myExperiment/apps/apks_wandoujia/apks/all_app/HM官方客户端.apk,8.50838851928711
/media/mobile/myExperiment/apps/apks_wandoujia/apks/all_app/blueHealth.apk,6.6222734451293945
/media/mobile/myExperiment/apps/apks_wandoujia/apks/all_app/Messenger.apk,15.927106857299805
/media/mobile/myExperiment/apps/apks_wandoujia/apks/all_app/大姨吗.apk,21.82243061065674
/media/mobile/myExperiment/apps/apks_wandoujia/apks/all_app/360手机桌面.apk,5.335558891296387
/media/mobile/myExperiment/apps/apks_wandoujia/apks/all_app/换字体管家大师版.apk,2.0654897689819336
/media/mobile/myExperiment/apps/apks_wandoujia/apks/all_app/网易云音乐.apk,28.96186065673828
/media/mobile/myExperiment/apps/apks_wandoujia/apks/all_app/应用锁.apk,4.160452842712402
/media/mobile/myExperiment/apps/apks_wandoujia/apks/all_app/Blued.apk,29.46320915222168
/media/mobile/myExperiment/apps/apks_wandoujia/apks/all_app/淘票票.apk,24.012627601623535
/media/mobile/myExperiment/apps/apks_wandoujia/apks/all_app/驴妈妈旅游.apk,25.513959884643555
/media/mobile/myExperiment/apps/apks_wandoujia/apks/all_app/新华字典.apk,3.4376659393310547
/media/mobile/myExperiment/apps/apks_wandoujia/apks/all_app/EMS.apk,6.554495811462402
/media/mobile/myExperiment/apps/apks_wandoujia/apks/all_app/省电宝.apk,3.586223602294922
/media/mobile/myExperiment/apps/apks_wandoujia/apks/all_app/Funtouch桌面.apk,11.201519012451172
/media/mobile/myExperiment/apps/apks_wandoujia/apks/all_app/百度翻译.apk,36.52225875854492
/media/mobile/myExperiment/apps/apks_wandoujia/apks/all_app/小睡眠.apk,13.594510078430176
/media/mobile/myExperiment/apps/apks_wandoujia/apks/all_app/FIFA.apk,44.09778881072998
/media/mobile/myExperiment/apps/apks_wandoujia/apks/all_app/AcFun.apk,23.753043174743652
/media/mobile/myExperiment/apps/apks_wandoujia/apks/all_app/魔秀桌面.apk,6.324893951416016
/media/mobile/myExperiment/apps/apks_wandoujia/apks/all_app/Apex Launcher.apk,4.696433067321777
/media/mobile/myExperiment/apps/apks_wandoujia/apks/all_app/掌上如家.apk,9.324644088745117
/media/mobile/myExperiment/apps/apks_wandoujia/apks/all_app/Next桌面.apk,11.592904090881348
/media/mobile/myExperiment/apps/apks_wandoujia/apks/all_app/豆瓣FM.apk,8.344778060913086
/media/mobile/myExperiment/apps/apks_wandoujia/apks/all_app/CC直播.apk,42.96054458618164
/media/mobile/myExperiment/apps/apks_wandoujia/apks/all_app/毒.apk,24.817463874816895
/media/mobile/myExperiment/apps/apks_wandoujia/apks/all_app/点心拨号.apk,5.452964782714844
/media/mobile/myExperiment/apps/apks_wandoujia/apks/all_app/GuitarTuna - 吉他调音器.apk,33.31251525878906
/media/mobile/myExperiment/apps/apks_wandoujia/apks/all_app/HIIT间歇训练.apk,8.147289276123047
/media/mobile/myExperiment/apps/apks_wandoujia/apks/all_app/CBox网络电视客户端HD.apk,4.725834846496582
/media/mobile/myExperiment/apps/apks_wandoujia/apks/all_app/189邮箱.apk,7.852712631225586
/media/mobile/myExperiment/apps/apks_wandoujia/apks/all_app/微信炫字体.apk,5.565018653869629
/media/mobile/myExperiment/apps/apks_wandoujia/apks/all_app/汽车报价大全.apk,32.13029384613037
/media/mobile/myExperiment/apps/apks_wandoujia/apks/all_app/酷我K歌.apk,11.802735328674316
/media/mobile/myExperiment/apps/apks_wandoujia/apks/all_app/约爱同城交友.apk,3.3519630432128906
/media/mobile/myExperiment/apps/apks_wandoujia/apks/all_app/Foodie美食相机.apk,20.71317958831787
/media/mobile/myExperiment/apps/apks_wandoujia/apks/all_app/艺龙旅行.apk,36.694519996643066
/media/mobile/myExperiment/apps/apks_wandoujia/apks/all_app/乐视体育.apk,32.817219734191895
/media/mobile/myExperiment/apps/apks_wandoujia/apks/all_app/崔玉涛育学园.apk,14.832147598266602
/media/mobile/myExperiment/apps/apks_wandoujia/apks/all_app/MX Player 解码包 (ARMv7 NEON).apk,6.74200439453125
/media/mobile/myExperiment/apps/apks_wandoujia/apks/all_app/面包猎人.apk,15.124835968017578
/media/mobile/myExperiment/apps/apks_wandoujia/apks/all_app/FIFA Online 3D.apk,19.09394645690918
/media/mobile/myExperiment/apps/apks_wandoujia/apks/all_app/2017驾考宝典科目一.apk,12.727503776550293
/media/mobile/myExperiment/apps/apks_wandoujia/apks/all_app/咪咕音乐.apk,28.51151180267334
/media/mobile/myExperiment/apps/apks_wandoujia/apks/all_app/Catty GPS.apk,0.09460735321044922
/media/mobile/myExperiment/apps/apks_wandoujia/apks/all_app/二维码扫描.apk,3.71683406829834
/media/mobile/myExperiment/apps/apks_wandoujia/apks/all_app/过日子.apk,9.24609375
/media/mobile/myExperiment/apps/apks_wandoujia/apks/all_app/Lazada - Shopping & Deals.apk,10.514276504516602
/media/mobile/myExperiment/apps/apks_wandoujia/apks/all_app/3D变形金刚手机解锁.apk,15.369429588317871
/media/mobile/myExperiment/apps/apks_wandoujia/apks/all_app/Unova智能体温计.apk,4.722765922546387
/media/mobile/myExperiment/apps/apks_wandoujia/apks/all_app/酷狗手机铃声.apk,10.22645092010498
/media/mobile/myExperiment/apps/apks_wandoujia/apks/all_app/暴风影音.apk,15.198532104492188
/media/mobile/myExperiment/apps/apks_wandoujia/apks/all_app/奇思壁纸.apk,5.139016151428223
/media/mobile/myExperiment/apps/apks_wandoujia/apks/all_app/内涵段子.apk,19.670732498168945
/media/mobile/myExperiment/apps/apks_wandoujia/apks/all_app/GAOVISON.apk,11.890684127807617
/media/mobile/myExperiment/apps/apks_wandoujia/apks/all_app/91桌面.apk,11.847602844238281
/media/mobile/myExperiment/apps/apks_wandoujia/apks/all_app/DigitalClock数码时钟.apk,6.98652458190918
/media/mobile/myExperiment/apps/apks_wandoujia/apks/all_app/铃声剪辑.apk,3.647974967956543
/media/mobile/myExperiment/apps/apks_wandoujia/apks/all_app/D客商城.apk,0.48917388916015625
/media/mobile/myExperiment/apps/apks_wandoujia/apks/all_app/Buzz桌面.apk,13.591230392456055
/media/mobile/myExperiment/apps/apks_wandoujia/apks/all_app/驾考宝典.apk,68.93267440795898
/media/mobile/myExperiment/apps/apks_wandoujia/apks/all_app/分身大师 .apk,2.575892448425293
/media/mobile/myExperiment/apps/apks_wandoujia/apks/all_app/陌陌.apk,55.93475914001465
/media/mobile/myExperiment/apps/apks_wandoujia/apks/all_app/布卡漫画.apk,9.95907211303711
/media/mobile/myExperiment/apps/apks_wandoujia/apks/all_app/天天动听HD.apk,2.9640026092529297
/media/mobile/myExperiment/apps/apks_wandoujia/apks/all_app/虎扑体育.apk,15.825469970703125
/media/mobile/myExperiment/apps/apks_wandoujia/apks/all_app/电鼓垫24Electro Drum Pads 24.apk,23.360196113586426
/media/mobile/myExperiment/apps/apks_wandoujia/apks/all_app/懒人听书.apk,16.06878089904785
/media/mobile/myExperiment/apps/apks_wandoujia/apks/all_app/LOL动态壁纸.apk,4.351607322692871
/media/mobile/myExperiment/apps/apks_wandoujia/apks/all_app/爱字体.apk,9.415947914123535
/media/mobile/myExperiment/apps/apks_wandoujia/apks/all_app/9.9限时包邮.apk,2.730801582336426
/media/mobile/myExperiment/apps/apks_wandoujia/apks/all_app/WEAR.apk,9.360028266906738
/media/mobile/myExperiment/apps/apks_wandoujia/apks/all_app/Google街景.apk,42.449134826660156
/media/mobile/myExperiment/apps/apks_wandoujia/apks/all_app/Gmarket Global 中文.apk,2.147188186645508
/media/mobile/myExperiment/apps/apks_wandoujia/apks/all_app/360影视大全.apk,12.350558280944824
/media/mobile/myExperiment/apps/apks_wandoujia/apks/all_app/喵播.apk,40.67105484008789
/media/mobile/myExperiment/apps/apks_wandoujia/apks/all_app/更美.apk,18.36060619354248
/media/mobile/myExperiment/apps/apks_wandoujia/apks/all_app/FIT瘦身学院.apk,12.570244789123535
/media/mobile/myExperiment/apps/apks_wandoujia/apks/all_app/2345浏览器.apk,3.243703842163086
/media/mobile/myExperiment/apps/apks_wandoujia/apks/all_app/1919快喝.apk,17.27131462097168
/media/mobile/myExperiment/apps/apks_wandoujia/apks/all_app/360天气.apk,7.330844879150391
/media/mobile/myExperiment/apps/apks_wandoujia/apks/all_app/薄荷.apk,17.430742263793945
/media/mobile/myExperiment/apps/apks_wandoujia/apks/all_app/same.apk,40.19120693206787
/media/mobile/myExperiment/apps/apks_wandoujia/apks/all_app/房天下.apk,22.707042694091797
/media/mobile/myExperiment/apps/apks_wandoujia/apks/all_app/链家-上海苏州.apk,15.105521202087402
/media/mobile/myExperiment/apps/apks_wandoujia/apks/all_app/百度网盘.apk,24.38404655456543
/media/mobile/myExperiment/apps/apks_wandoujia/apks/all_app/娃娃家长版.apk,26.59711742401123
/media/mobile/myExperiment/apps/apks_wandoujia/apks/all_app/Facebook Messenger.apk,61.61821460723877
/media/mobile/myExperiment/apps/apks_wandoujia/apks/all_app/多米音乐.apk,12.774140357971191
/media/mobile/myExperiment/apps/apks_wandoujia/apks/all_app/健身宝典.apk,13.318252563476562
/media/mobile/myExperiment/apps/apks_wandoujia/apks/all_app/千牛.apk,46.20966339111328
/media/mobile/myExperiment/apps/apks_wandoujia/apks/all_app/快约爱.apk,4.884420394897461
/media/mobile/myExperiment/apps/apks_wandoujia/apks/all_app/相册.apk,16.128623962402344
/media/mobile/myExperiment/apps/apks_wandoujia/apks/all_app/途牛旅游.apk,34.25417613983154
/media/mobile/myExperiment/apps/apks_wandoujia/apks/all_app/宝宝美食街.apk,33.990519523620605
/media/mobile/myExperiment/apps/apks_wandoujia/apks/all_app/一直播.apk,30.113384246826172
/media/mobile/myExperiment/apps/apks_wandoujia/apks/all_app/ZOL中关村在线.apk,9.967972755432129
/media/mobile/myExperiment/apps/apks_wandoujia/apks/all_app/指南针.apk,1.4672231674194336
/media/mobile/myExperiment/apps/apks_wandoujia/apks/all_app/她社区.apk,43.359713554382324
/media/mobile/myExperiment/apps/apks_wandoujia/apks/all_app/起点读书.apk,11.944201469421387
/media/mobile/myExperiment/apps/apks_wandoujia/apks/all_app/HeHa.apk,33.48819828033447
/media/mobile/myExperiment/apps/apks_wandoujia/apks/all_app/达达.apk,10.463199615478516
/media/mobile/myExperiment/apps/apks_wandoujia/apks/all_app/FRESH.apk,14.98471736907959
/media/mobile/myExperiment/apps/apks_wandoujia/apks/all_app/智慧树.apk,32.85492706298828
/media/mobile/myExperiment/apps/apks_wandoujia/apks/all_app/Angelababy主题锁屏.apk,4.067604064941406
/media/mobile/myExperiment/apps/apks_wandoujia/apks/all_app/EXO朴灿烈主题锁屏.apk,4.071108818054199
/media/mobile/myExperiment/apps/apks_wandoujia/apks/all_app/最右.apk,13.193754196166992
/media/mobile/myExperiment/apps/apks_wandoujia/apks/all_app/护眼宝.apk,9.463407516479492
/media/mobile/myExperiment/apps/apks_wandoujia/apks/all_app/搜狗号码通.apk,8.079440116882324
/media/mobile/myExperiment/apps/apks_wandoujia/apks/all_app/兜兜公交.apk,20.727279663085938
/media/mobile/myExperiment/apps/apks_wandoujia/apks/all_app/QQ同步助手.apk,8.791788101196289
/media/mobile/myExperiment/apps/apks_wandoujia/apks/all_app/悦动圈.apk,40.67872428894043
/media/mobile/myExperiment/apps/apks_wandoujia/apks/all_app/+HOME 免费美化主题桌面壁纸图标.apk,7.046172142028809
/media/mobile/myExperiment/apps/apks_wandoujia/apks/all_app/安卓壁纸.apk,12.365389823913574
/media/mobile/myExperiment/apps/apks_wandoujia/apks/all_app/飞猪（原阿里旅行）.apk,35.23519992828369
/media/mobile/myExperiment/apps/apks_wandoujia/apks/all_app/行者.apk,35.04487705230713
/media/mobile/myExperiment/apps/apks_wandoujia/apks/all_app/Faceu激萌.apk,43.81627368927002
/media/mobile/myExperiment/apps/apks_wandoujia/apks/all_app/天气通.apk,23.4118595123291
/media/mobile/myExperiment/apps/apks_wandoujia/apks/all_app/搜狐新闻.apk,25.13200283050537
/media/mobile/myExperiment/apps/apks_wandoujia/apks/all_app/聚力视频.apk,25.5749568939209
/media/mobile/myExperiment/apps/apks_wandoujia/apks/all_app/懒财网理财.apk,10.007683753967285
/media/mobile/myExperiment/apps/apks_wandoujia/apks/all_app/69书吧.apk,1.777470588684082
/media/mobile/myExperiment/apps/apks_wandoujia/apks/all_app/好豆.apk,24.94379425048828
/media/mobile/myExperiment/apps/apks_wandoujia/apks/all_app/路路通.apk,3.120234489440918
/media/mobile/myExperiment/apps/apks_wandoujia/apks/all_app/Agoda安可达.apk,60.11044502258301
/media/mobile/myExperiment/apps/apks_wandoujia/apks/all_app/eBay.apk,18.052101135253906
/media/mobile/myExperiment/apps/apks_wandoujia/apks/all_app/DJ多多.apk,5.633848190307617
/media/mobile/myExperiment/apps/apks_wandoujia/apks/all_app/Baby Kick Count Card.apk,0.0647125244140625
/media/mobile/myExperiment/apps/apks_wandoujia/apks/all_app/宝宝医院.apk,48.15978813171387
/media/mobile/myExperiment/apps/apks_wandoujia/apks/all_app/Aviary.apk,21.52910327911377
/media/mobile/myExperiment/apps/apks_wandoujia/apks/all_app/饥饿鲨进化破解(来电秀).apk,1.8684892654418945
/media/mobile/myExperiment/apps/apks_wandoujia/apks/all_app/YY.apk,25.99842929840088
/media/mobile/myExperiment/apps/apks_wandoujia/apks/all_app/DD373游戏交易平台.apk,2.4540834426879883
/media/mobile/myExperiment/apps/apks_wandoujia/apks/all_app/课程格子.apk,15.2531099319458
/media/mobile/myExperiment/apps/apks_wandoujia/apks/all_app/有看头.apk,16.26230812072754
/media/mobile/myExperiment/apps/apks_wandoujia/apks/all_app/1元云购.apk,21.028440475463867
/media/mobile/myExperiment/apps/apks_wandoujia/apks/all_app/音乐播放器.apk,12.45877742767334
/media/mobile/myExperiment/apps/apks_wandoujia/apks/all_app/bong Classic.apk,13.891511917114258
/media/mobile/myExperiment/apps/apks_wandoujia/apks/all_app/Backdrops壁纸.apk,6.354538917541504
/media/mobile/myExperiment/apps/apks_wandoujia/apks/all_app/酷我音乐HD.apk,9.88408088684082
/media/mobile/myExperiment/apps/apks_wandoujia/apks/all_app/滴滴司机.apk,31.084757804870605
/media/mobile/myExperiment/apps/apks_wandoujia/apks/all_app/Anyview阅读.apk,9.413796424865723
/media/mobile/myExperiment/apps/apks_wandoujia/apks/all_app/WiFi 连网神器.apk,6.311616897583008
/media/mobile/myExperiment/apps/apks_wandoujia/apks/all_app/最美天气.apk,17.67935276031494
/media/mobile/myExperiment/apps/apks_wandoujia/apks/all_app/轻加减肥.apk,33.71815776824951
/media/mobile/myExperiment/apps/apks_wandoujia/apks/all_app/搜狗壁纸.apk,8.891358375549316
/media/mobile/myExperiment/apps/apks_wandoujia/apks/all_app/香哈菜谱.apk,17.404075622558594
/media/mobile/myExperiment/apps/apks_wandoujia/apks/all_app/猫眼电影.apk,13.591756820678711
/media/mobile/myExperiment/apps/apks_wandoujia/apks/all_app/糖豆广场舞.apk,23.231609344482422
/media/mobile/myExperiment/apps/apks_wandoujia/apks/all_app/美团外卖.apk,9.63900375366211
/media/mobile/myExperiment/apps/apks_wandoujia/apks/all_app/啪啪啪.apk,8.81312084197998
/media/mobile/myExperiment/apps/apks_wandoujia/apks/all_app/腾讯视频.apk,30.15932559967041
/media/mobile/myExperiment/apps/apks_wandoujia/apks/all_app/Blur模糊壁纸.apk,8.12392807006836
/media/mobile/myExperiment/apps/apks_wandoujia/apks/all_app/叮咚免费电话.apk,35.38267230987549
/media/mobile/myExperiment/apps/apks_wandoujia/apks/all_app/旅图.apk,93.79274368286133
/media/mobile/myExperiment/apps/apks_wandoujia/apks/all_app/咪咕阅读.apk,12.163374900817871
/media/mobile/myExperiment/apps/apks_wandoujia/apks/all_app/AVI播放器.apk,5.062482833862305
/media/mobile/myExperiment/apps/apks_wandoujia/apks/all_app/A直播.apk,11.583090782165527
/media/mobile/myExperiment/apps/apks_wandoujia/apks/all_app/蚂蜂窝自由行.apk,31.422256469726562
/media/mobile/myExperiment/apps/apks_wandoujia/apks/all_app/电视家2.0.apk,16.356711387634277
/media/mobile/myExperiment/apps/apks_wandoujia/apks/all_app/宝宝爱整理.apk,55.57742404937744
/media/mobile/myExperiment/apps/apks_wandoujia/apks/all_app/Flipkart 在线商城.apk,12.311077117919922
/media/mobile/myExperiment/apps/apks_wandoujia/apks/all_app/刷机精灵.apk,17.65406894683838
/media/mobile/myExperiment/apps/apks_wandoujia/apks/all_app/LINE whoscall- 來電辨識與封鎖.apk,18.470816612243652
/media/mobile/myExperiment/apps/apks_wandoujia/apks/all_app/DS video.apk,19.409878730773926
/media/mobile/myExperiment/apps/apks_wandoujia/apks/all_app/Google Now Launcher.apk,14.562321662902832
/media/mobile/myExperiment/apps/apks_wandoujia/apks/all_app/Fabulous 美妙激励.apk,28.132655143737793
/media/mobile/myExperiment/apps/apks_wandoujia/apks/all_app/B612.apk,50.44432735443115
/media/mobile/myExperiment/apps/apks_wandoujia/apks/all_app/支付宝.apk,52.71444034576416
/media/mobile/myExperiment/apps/apks_wandoujia/apks/all_app/开眼 Eyepetizer.apk,10.248291969299316
/media/mobile/myExperiment/apps/apks_wandoujia/apks/all_app/暴走漫画.apk,18.88125228881836
/media/mobile/myExperiment/apps/apks_wandoujia/apks/all_app/转转.apk,13.175612449645996
/media/mobile/myExperiment/apps/apks_wandoujia/apks/all_app/JU53.apk,6.992161750793457
/media/mobile/myExperiment/apps/apks_wandoujia/apks/all_app/LBE安全大师.apk,13.564077377319336
/media/mobile/myExperiment/apps/apks_wandoujia/apks/all_app/家长帮.apk,25.09593391418457
/media/mobile/myExperiment/apps/apks_wandoujia/apks/all_app/91锁屏.apk,6.447956085205078
/media/mobile/myExperiment/apps/apks_wandoujia/apks/all_app/QQ.apk,37.78564643859863
/media/mobile/myExperiment/apps/apks_wandoujia/apks/all_app/考研帮.apk,9.24162483215332
/media/mobile/myExperiment/apps/apks_wandoujia/apks/all_app/金山词霸.apk,15.992559432983398
/media/mobile/myExperiment/apps/apks_wandoujia/apks/all_app/酷狗音乐.apk,36.04239082336426
/media/mobile/myExperiment/apps/apks_wandoujia/apks/all_app/Twitter.apk,30.953580856323242
/media/mobile/myExperiment/apps/apks_wandoujia/apks/all_app/Adobe Flash Player.apk,4.4906005859375
/media/mobile/myExperiment/apps/apks_wandoujia/apks/all_app/火辣健身.apk,22.987117767333984
/media/mobile/myExperiment/apps/apks_wandoujia/apks/all_app/手机百度.apk,41.58037281036377
/media/mobile/myExperiment/apps/apks_wandoujia/apks/all_app/DicePlayer播放器.apk,12.634471893310547
/media/mobile/myExperiment/apps/apks_wandoujia/apks/all_app/宝宝爱吃饭.apk,45.06796360015869
/media/mobile/myExperiment/apps/apks_wandoujia/apks/all_app/小猿搜题.apk,27.83384132385254
/media/mobile/myExperiment/apps/apks_wandoujia/apks/all_app/信用钱包.apk,5.398037910461426
/media/mobile/myExperiment/apps/apks_wandoujia/apks/all_app/UC浏览器HD.apk,19.068559646606445
/media/mobile/myExperiment/apps/apks_wandoujia/apks/all_app/Cheetah Launcher（主题桌面）.apk,3.2482376098632812
/media/mobile/myExperiment/apps/apks_wandoujia/apks/all_app/AR涂涂乐.apk,176.7721290588379
/media/mobile/myExperiment/apps/apks_wandoujia/apks/all_app/终极指南针.apk,1.4132747650146484
/media/mobile/myExperiment/apps/apks_wandoujia/apks/all_app/Car Wallpapers!.apk,3.1881370544433594
/media/mobile/myExperiment/apps/apks_wandoujia/apks/all_app/fooView.apk,6.315483093261719
/media/mobile/myExperiment/apps/apks_wandoujia/apks/all_app/喜马拉雅FM.apk,32.20176029205322
/media/mobile/myExperiment/apps/apks_wandoujia/apks/all_app/爱听4G.apk,19.58686065673828
/media/mobile/myExperiment/apps/apks_wandoujia/apks/all_app/周末去哪儿.apk,20.37783432006836
/media/mobile/myExperiment/apps/apks_wandoujia/apks/all_app/虚拟来电.apk,1.1530675888061523
/media/mobile/myExperiment/apps/apks_wandoujia/apks/all_app/Tin'secret.apk,39.7830810546875
/media/mobile/myExperiment/apps/apks_wandoujia/apks/all_app/猎豹浏览器.apk,12.664244651794434
/media/mobile/myExperiment/apps/apks_wandoujia/apks/all_app/凤凰视频.apk,18.06991958618164
/media/mobile/myExperiment/apps/apks_wandoujia/apks/all_app/nice.apk,18.819589614868164
/media/mobile/myExperiment/apps/apks_wandoujia/apks/all_app/宝宝知道.apk,24.119651794433594
/media/mobile/myExperiment/apps/apks_wandoujia/apks/all_app/iHerb.apk,16.256175994873047
/media/mobile/myExperiment/apps/apks_wandoujia/apks/all_app/８分音符.apk,24.4672269821167
/media/mobile/myExperiment/apps/apks_wandoujia/apks/all_app/WiFi万能钥匙.apk,7.769128799438477
/media/mobile/myExperiment/apps/apks_wandoujia/apks/all_app/掌上生活.apk,42.9225378036499
/media/mobile/myExperiment/apps/apks_wandoujia/apks/all_app/漫画岛.apk,24.643211364746094
/media/mobile/myExperiment/apps/apks_wandoujia/apks/all_app/Nova启动器升级器.apk,0.018735885620117188
/media/mobile/myExperiment/apps/apks_wandoujia/apks/all_app/Runtastic Six Pack 六块腹肌私人教练.apk,56.92887592315674
/media/mobile/myExperiment/apps/apks_wandoujia/apks/all_app/3D蓝桌面.apk,3.486353874206543
/media/mobile/myExperiment/apps/apks_wandoujia/apks/all_app/手机营业厅.apk,26.613428115844727
/media/mobile/myExperiment/apps/apks_wandoujia/apks/all_app/贝聊.apk,12.297127723693848
/media/mobile/myExperiment/apps/apks_wandoujia/apks/all_app/KingRoot.apk,14.866715431213379
/media/mobile/myExperiment/apps/apks_wandoujia/apks/all_app/Fit.apk,28.268290519714355
/media/mobile/myExperiment/apps/apks_wandoujia/apks/all_app/熊猫看书.apk,7.244646072387695
/media/mobile/myExperiment/apps/apks_wandoujia/apks/all_app/小伴龙魔法世界.apk,72.81307411193848
/media/mobile/myExperiment/apps/apks_wandoujia/apks/all_app/爱壁纸HD.apk,9.051032066345215
/media/mobile/myExperiment/apps/apks_wandoujia/apks/all_app/eSpace UC.apk,37.24475288391113
/media/mobile/myExperiment/apps/apks_wandoujia/apks/all_app/Flow桌面.apk,20.54047393798828
/media/mobile/myExperiment/apps/apks_wandoujia/apks/all_app/微家园-家长版.apk,29.436296463012695
/media/mobile/myExperiment/apps/apks_wandoujia/apks/all_app/快手.apk,29.387941360473633
/media/mobile/myExperiment/apps/apks_wandoujia/apks/all_app/安居客.apk,24.332895278930664
/media/mobile/myExperiment/apps/apks_wandoujia/apks/all_app/Spotify.apk,32.78873348236084
/media/mobile/myExperiment/apps/apks_wandoujia/apks/all_app/触宝电话.apk,20.612238883972168
/media/mobile/myExperiment/apps/apks_wandoujia/apks/all_app/手电筒.apk,0.7204475402832031
/media/mobile/myExperiment/apps/apks_wandoujia/apks/all_app/网信理财.apk,33.187116622924805
/media/mobile/myExperiment/apps/apks_wandoujia/apks/all_app/宝宝巴士.apk,76.32652473449707
/media/mobile/myExperiment/apps/apks_wandoujia/apks/all_app/Feedly.apk,20.020681381225586
/media/mobile/myExperiment/apps/apks_wandoujia/apks/all_app/现金巴士.apk,15.597334861755371
/media/mobile/myExperiment/apps/apks_wandoujia/apks/all_app/华住酒店.apk,16.57238006591797
/media/mobile/myExperiment/apps/apks_wandoujia/apks/all_app/优酷（X86版）.apk,18.68217182159424
/media/mobile/myExperiment/apps/apks_wandoujia/apks/all_app/3D宝软桌面.apk,7.6923675537109375
/media/mobile/myExperiment/apps/apks_wandoujia/apks/all_app/EBookDroid阅读器.apk,8.77231502532959
/media/mobile/myExperiment/apps/apks_wandoujia/apks/all_app/flippr.apk,0.8586292266845703
/media/mobile/myExperiment/apps/apks_wandoujia/apks/all_app/skype网络电话.apk,35.6479377746582
/media/mobile/myExperiment/apps/apks_wandoujia/apks/all_app/Yahoo Weather.apk,21.389144897460938
/media/mobile/myExperiment/apps/apks_wandoujia/apks/all_app/114社区.apk,4.1483354568481445
/media/mobile/myExperiment/apps/apks_wandoujia/apks/all_app/简拼.apk,47.77461338043213
/media/mobile/myExperiment/apps/apks_wandoujia/apks/all_app/微博.apk,65.0376443862915
/media/mobile/myExperiment/apps/apks_wandoujia/apks/all_app/趣头条.apk,6.178895950317383
/media/mobile/myExperiment/apps/apks_wandoujia/apks/all_app/3D旋转星球动态壁纸.apk,16.35995578765869
/media/mobile/myExperiment/apps/apks_wandoujia/apks/all_app/手机号定位.apk,7.882001876831055
/media/mobile/myExperiment/apps/apks_wandoujia/apks/all_app/导学号.apk,9.69382381439209
/media/mobile/myExperiment/apps/apks_wandoujia/apks/all_app/铃声多多.apk,9.432908058166504
/media/mobile/myExperiment/apps/apks_wandoujia/apks/all_app/超级课程表.apk,16.502711296081543
/media/mobile/myExperiment/apps/apks_wandoujia/apks/all_app/星座城.apk,29.127253532409668
/media/mobile/myExperiment/apps/apks_wandoujia/apks/all_app/Keep.apk,38.20718574523926
/media/mobile/myExperiment/apps/apks_wandoujia/apks/all_app/学霸君.apk,7.6608991622924805
/media/mobile/myExperiment/apps/apks_wandoujia/apks/all_app/迅雷.apk,25.10956382751465
/media/mobile/myExperiment/apps/apks_wandoujia/apks/all_app/小伴龙.apk,59.585208892822266
/media/mobile/myExperiment/apps/apks_wandoujia/apks/all_app/passport.apk,15.372864723205566
/media/mobile/myExperiment/apps/apks_wandoujia/apks/all_app/最美锁屏.apk,8.669609069824219
/media/mobile/myExperiment/apps/apks_wandoujia/apks/all_app/一键ROOT大师.apk,6.080859184265137
/media/mobile/myExperiment/apps/apks_wandoujia/apks/all_app/万年历.apk,15.807275772094727
/media/mobile/myExperiment/apps/apks_wandoujia/apks/all_app/完美钢琴.apk,15.775941848754883
/media/mobile/myExperiment/apps/apks_wandoujia/apks/all_app/万花筒之旅一宝宝巴士.apk,26.337674140930176
/media/mobile/myExperiment/apps/apks_wandoujia/apks/all_app/免费小说书城.apk,5.707426071166992
/media/mobile/myExperiment/apps/apks_wandoujia/apks/all_app/小妖精美化.apk,7.147233963012695
/media/mobile/myExperiment/apps/apks_wandoujia/apks/all_app/猫咪.apk,7.198220252990723
/media/mobile/myExperiment/apps/apks_wandoujia/apks/all_app/1905电影网.apk,41.60463619232178
/media/mobile/myExperiment/apps/apks_wandoujia/apks/all_app/我的世界联机盒子.apk,14.96214485168457
/media/mobile/myExperiment/apps/apks_wandoujia/apks/all_app/地图指南针.apk,2.011667251586914
/media/mobile/myExperiment/apps/apks_wandoujia/apks/all_app/Canon Camera Connect.apk,11.705991744995117
/media/mobile/myExperiment/apps/apks_wandoujia/apks/all_app/免费电话.apk,21.684134483337402
/media/mobile/myExperiment/apps/apks_wandoujia/apks/all_app/定位跟踪.apk,2.5347089767456055
/media/mobile/myExperiment/apps/apks_wandoujia/apks/all_app/爱阅读小说.apk,11.27135181427002
/media/mobile/myExperiment/apps/apks_wandoujia/apks/all_app/牵手.apk,3.781002998352051
/media/mobile/myExperiment/apps/apks_wandoujia/apks/all_app/孕育管家.apk,31.598085403442383
/media/mobile/myExperiment/apps/apks_wandoujia/apks/all_app/搜狗浏览器.apk,26.058157920837402
/media/mobile/myExperiment/apps/apks_wandoujia/apks/all_app/免费小说大全.apk,4.912075996398926
/media/mobile/myExperiment/apps/apks_wandoujia/apks/all_app/36氪.apk,6.7038679122924805
/media/mobile/myExperiment/apps/apks_wandoujia/apks/all_app/Facebook.apk,69.49364948272705
/media/mobile/myExperiment/apps/apks_wandoujia/apks/all_app/小伴龙儿歌.apk,9.03389835357666
/media/mobile/myExperiment/apps/apks_wandoujia/apks/all_app/百度浏览器.apk,21.628849983215332
/media/mobile/myExperiment/apps/apks_wandoujia/apks/all_app/新氧美容.apk,19.31592559814453
/media/mobile/myExperiment/apps/apks_wandoujia/apks/all_app/快看漫画.apk,17.908196449279785
/media/mobile/myExperiment/apps/apks_wandoujia/apks/all_app/土豆视频.apk,34.84428691864014
/media/mobile/myExperiment/apps/apks_wandoujia/apks/all_app/Arrow 桌面.apk,9.302591323852539
/media/mobile/myExperiment/apps/apks_wandoujia/apks/all_app/9.9特价包邮.apk,2.7825393676757812
/media/mobile/myExperiment/apps/apks_wandoujia/apks/all_app/天行加速器.apk,4.536083221435547
/media/mobile/myExperiment/apps/apks_wandoujia/apks/all_app/王者荣耀掌游宝.apk,23.532362937927246
/media/mobile/myExperiment/apps/apks_wandoujia/apks/all_app/YouTube.apk,20.537334442138672
/media/mobile/myExperiment/apps/apks_wandoujia/apks/all_app/360儿童卫士.apk,15.822312355041504
/media/mobile/myExperiment/apps/apks_wandoujia/apks/all_app/5sing原创音乐.apk,15.585774421691895
/media/mobile/myExperiment/apps/apks_wandoujia/apks/all_app/FitTime.apk,27.936418533325195
/media/mobile/myExperiment/apps/apks_wandoujia/apks/all_app/前程无忧51Job.apk,9.058135032653809
/media/mobile/myExperiment/apps/apks_wandoujia/apks/all_app/Autodesk Pixlr.apk,17.532580375671387
/media/mobile/myExperiment/apps/apks_wandoujia/apks/all_app/字体管家.apk,10.233563423156738
/media/mobile/myExperiment/apps/apks_wandoujia/apks/all_app/Airbnb.apk,56.826263427734375
/media/mobile/myExperiment/apps/apks_wandoujia/apks/all_app/Flash播放.apk,0.5760650634765625
/media/mobile/myExperiment/apps/apks_wandoujia/apks/all_app/QQ阅读.apk,19.064058303833008
/media/mobile/myExperiment/apps/apks_wandoujia/apks/all_app/BeFunky图片编辑器.apk,19.921801567077637
/media/mobile/myExperiment/apps/apks_wandoujia/apks/all_app/搜狗阅读.apk,10.696319580078125
/media/mobile/myExperiment/apps/apks_wandoujia/apks/all_app/adidas NEO.apk,2.4594860076904297
/media/mobile/myExperiment/apps/apks_wandoujia/apks/all_app/百度手机卫士.apk,8.334659576416016
/media/mobile/myExperiment/apps/apks_wandoujia/apks/all_app/米聊交友.apk,38.15049743652344
/media/mobile/myExperiment/apps/apks_wandoujia/apks/all_app/QQ空间.apk,39.89810085296631
/media/mobile/myExperiment/apps/apks_wandoujia/apks/all_app/广州地铁.apk,10.642337799072266
/media/mobile/myExperiment/apps/apks_wandoujia/apks/all_app/MX Player.apk,8.305087089538574
/media/mobile/myExperiment/apps/apks_wandoujia/apks/all_app/风水罗盘指南针.apk,23.95681381225586
/media/mobile/myExperiment/apps/apks_wandoujia/apks/all_app/ANT+ Plugins Service.apk,2.540249824523926
/media/mobile/myExperiment/apps/apks_wandoujia/apks/all_app/114挂号.apk,2.701704978942871
/media/mobile/myExperiment/apps/apks_wandoujia/apks/all_app/11选5专业版.apk,13.287858009338379
/media/mobile/myExperiment/apps/apks_wandoujia/apks/all_app/Flipboard新闻.apk,11.21135139465332
/media/mobile/myExperiment/apps/apks_wandoujia/apks/all_app/QQ输入法.apk,14.23176097869873
/media/mobile/myExperiment/apps/apks_wandoujia/apks/all_app/GO桌面.apk,7.209629058837891
/media/mobile/myExperiment/apps/apks_wandoujia/apks/all_app/柚宝宝孕育.apk,28.02097225189209
/media/mobile/myExperiment/apps/apks_wandoujia/apks/all_app/钱站.apk,8.87282657623291
/media/mobile/myExperiment/apps/apks_wandoujia/apks/all_app/天天快报.apk,16.853214263916016
/media/mobile/myExperiment/apps/apks_wandoujia/apks/all_app/学生赚.apk,2.982898712158203
/media/mobile/myExperiment/apps/apks_wandoujia/apks/all_app/爱音乐.apk,19.630889892578125
/media/mobile/myExperiment/apps/apks_wandoujia/apks/all_app/17K小说.apk,9.374698638916016
/media/mobile/myExperiment/apps/apks_wandoujia/apks/all_app/Apple Music.apk,32.71264839172363
/media/mobile/myExperiment/apps/apks_wandoujia/apks/all_app/联系人.apk,0.10410881042480469
/media/mobile/myExperiment/apps/apks_wandoujia/apks/all_app/旺信.apk,25.530489921569824
/media/mobile/myExperiment/apps/apks_wandoujia/apks/all_app/邮储银行.apk,17.4122257232666
/media/mobile/myExperiment/apps/apks_wandoujia/apks/all_app/Hello Kitty 手电筒.apk,2.8019866943359375
/media/mobile/myExperiment/apps/apks_wandoujia/apks/all_app/知乎日报.apk,11.38781452178955
/media/mobile/myExperiment/apps/apks_wandoujia/apks/all_app/微信读书.apk,13.86987590789795
/media/mobile/myExperiment/apps/apks_wandoujia/apks/all_app/Q拍乐.apk,7.053633689880371
/media/mobile/myExperiment/apps/apks_wandoujia/apks/all_app/名为梦梦奈的Servant.apk,23.773717880249023
/media/mobile/myExperiment/apps/apks_wandoujia/apks/all_app/17搜车.apk,1.2960529327392578
/media/mobile/myExperiment/apps/apks_wandoujia/apks/all_app/GO短信.apk,17.116548538208008
/media/mobile/myExperiment/apps/apks_wandoujia/apks/all_app/学习通.apk,55.28375720977783
/media/mobile/myExperiment/apps/apks_wandoujia/apks/all_app/Launcher Lab.apk,8.19594955444336
/media/mobile/myExperiment/apps/apks_wandoujia/apks/all_app/ Instagram.apk,19.849124908447266
/media/mobile/myExperiment/apps/apks_wandoujia/apks/all_app/饿了么.apk,18.301143646240234
/media/mobile/myExperiment/apps/apks_wandoujia/apks/all_app/骑呗单车.apk,6.552793502807617
/media/mobile/myExperiment/apps/apks_wandoujia/apks/all_app/彩云小译.apk,6.217222213745117
/media/mobile/myExperiment/apps/apks_wandoujia/apks/all_app/安徽移动手机营业厅.apk,20.20749568939209
/media/mobile/myExperiment/apps/apks_wandoujia/apks/all_app/江苏移动掌上营业厅.apk,21.10452175140381
/media/mobile/myExperiment/apps/apks_wandoujia/apks/all_app/IKEA宜家.apk,1.2055139541625977
/media/mobile/myExperiment/apps/apks_wandoujia/apks/all_app/bong.apk,25.570988655090332
/media/mobile/myExperiment/apps/apks_wandoujia/apks/all_app/豆瓣.apk,20.291606903076172
/media/mobile/myExperiment/apps/apks_wandoujia/apks/all_app/Coach.me - Achieve Any Goal.apk,2.658675193786621
/media/mobile/myExperiment/apps/apks_wandoujia/apks/all_app/Feel.apk,53.045748710632324
/media/mobile/myExperiment/apps/apks_wandoujia/apks/all_app/顺风车.apk,23.477505683898926
/media/mobile/myExperiment/apps/apks_wandoujia/apks/all_app/1006视频for英雄联盟.apk,25.801264762878418
/media/mobile/myExperiment/apps/apks_wandoujia/apks/all_app/手机铃声.apk,9.656346321105957
/media/mobile/myExperiment/apps/apks_wandoujia/apks/all_app/装扮小公主.apk,37.342262268066406
/media/mobile/myExperiment/apps/apks_wandoujia/apks/all_app/DOTA视频站.apk,19.663769721984863
/media/mobile/myExperiment/apps/apks_wandoujia/apks/all_app/头条视频.apk,8.594422340393066
/media/mobile/myExperiment/apps/apks_wandoujia/apks/all_app/有道词典.apk,41.46305561065674
/media/mobile/myExperiment/apps/apks_wandoujia/apks/all_app/CLauncher.apk,5.377682685852051
/media/mobile/myExperiment/apps/apks_wandoujia/apks/all_app/ ES经典主题.apk,1.913222312927246
/media/mobile/myExperiment/apps/apks_wandoujia/apks/all_app/荣耀王者开黑组队.apk,9.253735542297363
/media/mobile/myExperiment/apps/apks_wandoujia/apks/all_app/CAD快速看图.apk,13.846205711364746
/media/mobile/myExperiment/apps/apks_wandoujia/apks/all_app/王者荣耀助手.apk,26.760169982910156
/media/mobile/myExperiment/apps/apks_wandoujia/apks/all_app/9.9包邮货到付款.apk,2.749601364135742
/media/mobile/myExperiment/apps/apks_wandoujia/apks/all_app/Cover锁屏.apk,21.589893341064453
/media/mobile/myExperiment/apps/apks_wandoujia/apks/all_app/网易新闻.apk,22.472784996032715
/media/mobile/myExperiment/apps/apks_wandoujia/apks/all_app/今日十大新闻.apk,10.134735107421875
/media/mobile/myExperiment/apps/apks_wandoujia/apks/all_app/微信.apk,38.66616439819336
/media/mobile/myExperiment/apps/apks_wandoujia/apks/all_app/速算盒子学生端.apk,14.276459693908691
/media/mobile/myExperiment/apps/apks_wandoujia/apks/all_app/SLine.apk,27.877875328063965
/media/mobile/myExperiment/apps/apks_wandoujia/apks/all_app/ezPDF Reader.apk,25.54543399810791
/media/mobile/myExperiment/apps/apks_wandoujia/apks/all_app/ASOS中国.apk,26.52520751953125
/media/mobile/myExperiment/apps/apks_wandoujia/apks/all_app/爱奇艺.apk,27.871965408325195
/media/mobile/myExperiment/apps/apks_wandoujia/apks/all_app/阿里小号.apk,8.82907772064209
/media/mobile/myExperiment/apps/apks_wandoujia/apks/all_app/怪物闹钟.apk,16.30623149871826
/media/mobile/myExperiment/apps/apks_wandoujia/apks/all_app/ 360清理大师.apk,4.776572227478027
/media/mobile/myExperiment/apps/apks_wandoujia/apks/all_app/小蚁摄像机.apk,37.25401496887207
/media/mobile/myExperiment/apps/apks_wandoujia/apks/all_app/2345影视大全.apk,17.67359733581543
/media/mobile/myExperiment/apps/apks_wandoujia/apks/all_app/dotdotexpress.apk,1.2911300659179688
/media/mobile/myExperiment/apps/apks_wandoujia/apks/all_app/SimpleMind Free mind mapping.apk,1.5894622802734375
/media/mobile/myExperiment/apps/apks_wandoujia/apks/all_app/蓝墨云班课.apk,7.907902717590332
/media/mobile/myExperiment/apps/apks_wandoujia/apks/all_app/人人视频.apk,24.358501434326172
/media/mobile/myExperiment/apps/apks_wandoujia/apks/all_app/美妆相机.apk,39.0497522354126
/media/mobile/myExperiment/apps/apks_wandoujia/apks/all_app/K歌达人.apk,19.40516948699951
/media/mobile/myExperiment/apps/apks_wandoujia/apks/all_app/迷你世界-我的方块世界动态壁纸.apk,1.8552427291870117
/media/mobile/myExperiment/apps/apks_wandoujia/apks/all_app/考拉FM电台.apk,21.795625686645508
/media/mobile/myExperiment/apps/apks_wandoujia/apks/all_app/广东移动手机营业厅.apk,32.30797004699707
/media/mobile/myExperiment/apps/apks_wandoujia/apks/all_app/同程旅游.apk,35.15651512145996
/media/mobile/myExperiment/apps/apks_wandoujia/apks/all_app/虚拟架子鼓.apk,9.287317276000977
/media/mobile/myExperiment/apps/apks_wandoujia/apks/all_app/bodivis.apk,5.849764823913574
/media/mobile/myExperiment/apps/apks_wandoujia/apks/all_app/和通讯录.apk,19.24236488342285
/media/mobile/myExperiment/apps/apks_wandoujia/apks/all_app/360锁屏.apk,4.071216583251953
/media/mobile/myExperiment/apps/apks_wandoujia/apks/all_app/AfreecaTV在线视频.apk,39.50622749328613
/media/mobile/myExperiment/apps/apks_wandoujia/apks/all_app/讯飞输入法.apk,16.959440231323242
/media/mobile/myExperiment/apps/apks_wandoujia/apks/all_app/Fitbit.apk,30.84333324432373
/media/mobile/myExperiment/apps/apks_wandoujia/apks/all_app/夸克浏览器.apk,19.084206581115723
/media/mobile/myExperiment/apps/apks_wandoujia/apks/all_app/派派.apk,31.013070106506348
/media/mobile/myExperiment/apps/apks_wandoujia/apks/all_app/好大夫智慧互联网医院.apk,32.461440086364746
/media/mobile/myExperiment/apps/apks_wandoujia/apks/all_app/Hi运动.apk,27.889586448669434
/media/mobile/myExperiment/apps/apks_wandoujia/apks/all_app/TripAdvisor猫途鹰.apk,52.33434772491455
/media/mobile/myExperiment/apps/apks_wandoujia/apks/all_app/宝宝甜品店.apk,47.083749771118164
/media/mobile/myExperiment/apps/apks_wandoujia/apks/all_app/Angelababy壁纸主题锁屏.apk,4.304708480834961
/media/mobile/myExperiment/apps/apks_wandoujia/apks/all_app/优拜单车.apk,14.859931945800781
/media/mobile/myExperiment/apps/apks_wandoujia/apks/all_app/宝宝学习涂颜色.apk,18.52549934387207
/media/mobile/myExperiment/apps/apks_wandoujia/apks/all_app/GO锁屏主题Changeful.apk,1.6102752685546875
/media/mobile/myExperiment/apps/apks_wandoujia/apks/all_app/卡牛信用卡管家.apk,10.02224063873291
/media/mobile/myExperiment/apps/apks_wandoujia/apks/all_app/Runtastic公路自行车 专业版.apk,34.27785015106201
/media/mobile/myExperiment/apps/apks_wandoujia/apks/all_app/Google 翻译.apk,18.766566276550293
/media/mobile/myExperiment/apps/apks_wandoujia/apks/all_app/墨迹天气.apk,10.427565574645996
/media/mobile/myExperiment/apps/apks_wandoujia/apks/all_app/UC浏览器.apk,28.657175064086914
/media/mobile/myExperiment/apps/apks_wandoujia/apks/all_app/MyCity.apk,2.546947479248047
/media/mobile/myExperiment/apps/apks_wandoujia/apks/all_app/CCTV手机电视.apk,3.5234241485595703
/media/mobile/myExperiment/apps/apks_wandoujia/apks/all_app/宝宝游乐园.apk,32.49242305755615
/media/mobile/myExperiment/apps/apks_wandoujia/apks/all_app/乐视视频.apk,38.78698921203613
/media/mobile/myExperiment/apps/apks_wandoujia/apks/all_app/双开助手(多开分身).apk,4.236115455627441
/media/mobile/myExperiment/apps/apks_wandoujia/apks/all_app/C-Life睡眠.apk,36.65614318847656
/media/mobile/myExperiment/apps/apks_wandoujia/apks/all_app/追书神器.apk,13.651884078979492
/media/mobile/myExperiment/apps/apks_wandoujia/apks/all_app/GPS工具箱.apk,8.03467082977295
/media/mobile/myExperiment/apps/apks_wandoujia/apks/all_app/宝宝学分类.apk,34.28109264373779
/media/mobile/myExperiment/apps/apks_wandoujia/apks/all_app/Retrica 复古相机.apk,36.03517723083496
/media/mobile/myExperiment/apps/apks_wandoujia/apks/all_app/指纹解锁.apk,2.251056671142578
/media/mobile/myExperiment/apps/apks_wandoujia/apks/all_app/Mori手帐.apk,21.721529960632324
/media/mobile/myExperiment/apps/apks_wandoujia/apks/all_app/Eye Care Plus 护眼卫士.apk,21.125271797180176
/media/mobile/myExperiment/apps/apks_wandoujia/apks/all_app/家长通.apk,35.494930267333984
/media/mobile/myExperiment/apps/apks_wandoujia/apks/all_app/宝宝巴士乐园.apk,22.833309173583984
/media/mobile/myExperiment/apps/apks_wandoujia/apks/all_app/老黄历日历万年历农历.apk,13.941131591796875
/media/mobile/myExperiment/apps/apks_wandoujia/apks/all_app/有信电话.apk,29.14690589904785
/media/mobile/myExperiment/apps/apks_wandoujia/apks/all_app/春雨计步器.apk,5.944607734680176
/media/mobile/myExperiment/apps/apks_wandoujia/apks/all_app/一起作业学生端.apk,43.39515972137451
/media/mobile/myExperiment/apps/apks_wandoujia/apks/all_app/贷款王.apk,4.922080039978027
/media/mobile/myExperiment/apps/apks_wandoujia/apks/all_app/小米运动.apk,18.003849983215332
/media/mobile/myExperiment/apps/apks_wandoujia/apks/all_app/MoboPlayer.apk,22.810251235961914
/media/mobile/myExperiment/apps/apks_wandoujia/apks/all_app/映客直播.apk,44.07550048828125
/media/mobile/myExperiment/apps/apks_wandoujia/apks/all_app/Durgon图标包.apk,21.940783500671387
/media/mobile/myExperiment/apps/apks_wandoujia/apks/all_app/随手记.apk,15.0648193359375
/media/mobile/myExperiment/apps/apks_wandoujia/apks/all_app/WiFi电话.apk,6.74298095703125
/media/mobile/myExperiment/apps/apks_wandoujia/apks/all_app/EXO吴世勋主题锁屏.apk,4.083271026611328
/media/mobile/myExperiment/apps/apks_wandoujia/apks/all_app/hello短信.apk,8.79489803314209
/media/mobile/myExperiment/apps/apks_wandoujia/apks/all_app/宝宝生日派对.apk,43.39146423339844
/media/mobile/myExperiment/apps/apks_wandoujia/apks/all_app/猿题库.apk,25.709869384765625
/media/mobile/myExperiment/apps/apks_wandoujia/apks/all_app/怕怕.apk,15.172639846801758
/media/mobile/myExperiment/apps/apks_wandoujia/apks/all_app/北京实时公交.apk,3.48736572265625
/media/mobile/myExperiment/apps/apks_wandoujia/apks/all_app/DU Launcher - 提升手机性能.apk,4.820621490478516
/media/mobile/myExperiment/apps/apks_wandoujia/apks/all_app/亚马逊Kindle阅读.apk,46.82119846343994
/media/mobile/myExperiment/apps/apks_wandoujia/apks/all_app/21健康.apk,1.5803680419921875
/media/mobile/myExperiment/apps/apks_wandoujia/apks/all_app/落网.apk,31.785941123962402
/media/mobile/myExperiment/apps/apks_wandoujia/apks/all_app/finalCam.apk,12.670791625976562
/media/mobile/myExperiment/apps/apks_wandoujia/apks/all_app/小米锁屏画报.apk,8.535571098327637
/media/mobile/myExperiment/apps/apks_wandoujia/apks/all_app/PicsArt Photo Studio.apk,47.272525787353516
/media/mobile/myExperiment/apps/apks_wandoujia/apks/all_app/360新闻.apk,10.346548080444336
/media/mobile/myExperiment/apps/apks_wandoujia/apks/all_app/华为穿戴.apk,49.83017539978027
/media/mobile/myExperiment/apps/apks_wandoujia/apks/all_app/MimikkoUI开发版.apk,35.104835510253906
/media/mobile/myExperiment/apps/apks_wandoujia/apks/all_app/宝宝认知大全.apk,60.01902770996094
/media/mobile/myExperiment/apps/apks_wandoujia/apks/all_app/随身乐队.apk,31.979805946350098
/media/mobile/myExperiment/apps/apks_wandoujia/apks/all_app/智力岛一宝宝巴士.apk,39.75680160522461
/media/mobile/myExperiment/apps/apks_wandoujia/apks/all_app/Snapseed.apk,29.30670738220215
/media/mobile/myExperiment/apps/apks_wandoujia/apks/all_app/宝宝超市.apk,52.23855781555176
/media/mobile/myExperiment/apps/apks_wandoujia/apks/all_app/9158美女直播.apk,14.420323371887207
/media/mobile/myExperiment/apps/apks_wandoujia/apks/all_app/春秋旅游.apk,17.425182342529297
/media/mobile/myExperiment/apps/apks_wandoujia/apks/all_app/ehshig.apk,16.537586212158203
/media/mobile/myExperiment/apps/apks_wandoujia/apks/all_app/扇贝单词.apk,13.265867233276367
/media/mobile/myExperiment/apps/apks_wandoujia/apks/all_app/美团.apk,32.71541118621826
/media/mobile/myExperiment/apps/apks_wandoujia/apks/all_app/37度手环.apk,9.827381134033203
/media/mobile/myExperiment/apps/apks_wandoujia/apks/all_app/掌上TGP.apk,32.47328853607178
/media/mobile/myExperiment/apps/apks_wandoujia/apks/all_app/乐教乐学.apk,46.889445304870605
/media/mobile/myExperiment/apps/apks_wandoujia/apks/all_app/粉笔公考.apk,12.118884086608887
/media/mobile/myExperiment/apps/apks_wandoujia/apks/all_app/360手机卫士.apk,14.860465049743652
/media/mobile/myExperiment/apps/apks_wandoujia/apks/all_app/掌上英雄联盟.apk,24.325739860534668
/media/mobile/myExperiment/apps/apks_wandoujia/apks/all_app/Now正念冥想.apk,10.129964828491211
/media/mobile/myExperiment/apps/apks_wandoujia/apks/all_app/LOFTER.apk,27.254558563232422
/media/mobile/myExperiment/apps/apks_wandoujia/apks/all_app/Angelababy高清壁纸桌面.apk,4.0792036056518555
/media/mobile/myExperiment/apps/apks_wandoujia/apks/all_app/天天练.apk,20.397289276123047
/media/mobile/myExperiment/apps/apks_wandoujia/apks/all_app/2345天气王.apk,8.260910034179688
/media/mobile/myExperiment/apps/apks_wandoujia/apks/all_app/Gmax.apk,4.096165657043457
/media/mobile/myExperiment/apps/apks_wandoujia/apks/all_app/来电通.apk,6.222482681274414
/media/mobile/myExperiment/apps/apks_wandoujia/apks/all_app/虎牙直播.apk,26.127598762512207
/media/mobile/myExperiment/apps/apks_wandoujia/apks/all_app/快看免费小说.apk,2.8468618392944336
/media/mobile/myExperiment/apps/apks_wandoujia/apks/all_app/呼应电话.apk,9.167941093444824
/media/mobile/myExperiment/apps/apks_wandoujia/apks/all_app/CAJ云阅读.apk,13.631030082702637
/media/mobile/myExperiment/apps/apks_wandoujia/apks/all_app/壁纸多多.apk,9.92402458190918
/media/mobile/myExperiment/apps/apks_wandoujia/apks/all_app/微桌面.apk,7.339693069458008
/media/mobile/myExperiment/apps/apks_wandoujia/apks/all_app/闲鱼.apk,17.63270092010498
/media/mobile/myExperiment/apps/apks_wandoujia/apks/all_app/凌步海风羽速.apk,87.28544521331787
/media/mobile/myExperiment/apps/apks_wandoujia/apks/all_app/宝贝听听.apk,10.244721412658691
/media/mobile/myExperiment/apps/apks_wandoujia/apks/all_app/Viber.apk,30.093445777893066
/media/mobile/myExperiment/apps/apks_wandoujia/apks/all_app/全民K歌.apk,24.7531156539917
/media/mobile/myExperiment/apps/apks_wandoujia/apks/all_app/微信电话本.apk,14.67918872833252
/media/mobile/myExperiment/apps/apks_wandoujia/apks/all_app/56视频.apk,16.708852767944336
/media/mobile/myExperiment/apps/apks_wandoujia/apks/all_app/BBC News.apk,14.542280197143555
/media/mobile/myExperiment/apps/apks_wandoujia/apks/all_app/宝宝树孕育.apk,34.57261657714844
/media/mobile/myExperiment/apps/apks_wandoujia/apks/all_app/阿里通电话.apk,10.219118118286133
/media/mobile/myExperiment/apps/apks_wandoujia/apks/all_app/东方财富网.apk,35.81727123260498
/media/mobile/myExperiment/apps/apks_wandoujia/apks/all_app/黄历天气.apk,9.979979515075684
/media/mobile/myExperiment/apps/apks_wandoujia/apks/all_app/酷我音乐.apk,38.855021476745605
/media/mobile/myExperiment/apps/apks_wandoujia/apks/all_app/1元乐购.apk,7.946155548095703
/media/mobile/myExperiment/apps/apks_wandoujia/apks/all_app/熊猫直播.apk,25.781227111816406
/media/mobile/myExperiment/apps/apks_wandoujia/apks/all_app/dulife.apk,13.268409729003906
/media/mobile/myExperiment/apps/apks_wandoujia/apks/all_app/用药助手.apk,42.7375545501709
/media/mobile/myExperiment/apps/apks_wandoujia/apks/all_app/AcDisplay 锁屏信息.apk,2.9747533798217773
/media/mobile/myExperiment/apps/apks_wandoujia/apks/all_app/LINE（连我）.apk,43.91498947143555
/media/mobile/myExperiment/apps/apks_wandoujia/apks/all_app/荔枝FM直播.apk,26.022273063659668
/media/mobile/myExperiment/apps/apks_wandoujia/apks/all_app/中国银行手机银行.apk,60.90643310546875
/media/mobile/myExperiment/apps/apks_wandoujia/apks/all_app/宝宝服装秀.apk,23.599055290222168
/media/mobile/myExperiment/apps/apks_wandoujia/apks/all_app/8684地铁.apk,4.412096977233887
/media/mobile/myExperiment/apps/apks_wandoujia/apks/all_app/绿色守护 (Greenify).apk,3.164027214050293
/media/mobile/myExperiment/apps/apks_wandoujia/apks/all_app/安卓动态壁纸锁屏.apk,14.377082824707031
/media/mobile/myExperiment/apps/apks_wandoujia/apks/all_app/瘦瘦.apk,18.856528282165527
/media/mobile/myExperiment/apps/apks_wandoujia/apks/all_app/斗图神器.apk,23.92725658416748
/media/mobile/myExperiment/apps/apks_wandoujia/apks/all_app/Photoshop手机版.apk,20.586129188537598
/media/mobile/myExperiment/apps/apks_wandoujia/apks/all_app/搜狐视频.apk,29.321361541748047
/media/mobile/myExperiment/apps/apks_wandoujia/apks/all_app/蚂蚁短租.apk,36.67055130004883
/media/mobile/myExperiment/apps/apks_wandoujia/apks/all_app/肯德基.apk,30.411144256591797
/media/mobile/myExperiment/apps/apks_wandoujia/apks/all_app/脉脉.apk,28.460174560546875
/media/mobile/myExperiment/apps/apks_wandoujia/apks/all_app/电话手表.apk,24.154096603393555
/media/mobile/myExperiment/apps/apks_wandoujia/apks/all_app/凤凰新闻.apk,16.89018154144287
/media/mobile/myExperiment/apps/apks_wandoujia/apks/all_app/赶集网.apk,31.67197608947754
/media/mobile/myExperiment/apps/apks_wandoujia/apks/all_app/QQ浏览器.apk,26.696460723876953
/media/mobile/myExperiment/apps/apks_wandoujia/apks/all_app/北斗导航.apk,5.157071113586426
/media/mobile/myExperiment/apps/apks_wandoujia/apks/all_app/腾讯动漫.apk,14.7398681640625
/media/mobile/myExperiment/apps/apks_wandoujia/apks/all_app/Cuto.apk,7.024777412414551
/media/mobile/myExperiment/apps/apks_wandoujia/apks/all_app/ENJOY.apk,12.540717124938965
/media/mobile/myExperiment/apps/apks_wandoujia/apks/all_app/迷你飞信.apk,0.7886905670166016
/media/mobile/myExperiment/apps/apks_wandoujia/apks/all_app/易信.apk,51.31429672241211
/media/mobile/myExperiment/apps/apks_wandoujia/apks/all_app/影音先锋.apk,13.361490249633789
/media/mobile/myExperiment/apps/apks_wandoujia/apks/all_app/莱秤.apk,7.22504997253418
/media/mobile/myExperiment/apps/apks_wandoujia/apks/all_app/字体大师.apk,6.653858184814453
/media/mobile/myExperiment/apps/apks_wandoujia/apks/all_app/FC2 Live.apk,11.983379364013672
/media/mobile/myExperiment/apps/apks_wandoujia/apks/all_app/红包锁屏.apk,7.102778434753418
/media/mobile/myExperiment/apps/apks_wandoujia/apks/all_app/POCO相机.apk,40.75575256347656
/media/mobile/myExperiment/apps/apks_wandoujia/apks/all_app/CCTV5.apk,48.52162551879883
/media/mobile/myExperiment/apps/apks_wandoujia/apks/all_app/ofo共享单车.apk,8.279773712158203
/media/mobile/myExperiment/apps/apks_wandoujia/apks/all_app/Sleep Better优质睡眠应用程序.apk,33.144938468933105
/media/mobile/myExperiment/apps/apks_wandoujia/apks/all_app/宝宝小厨房.apk,35.71176528930664
/media/mobile/myExperiment/apps/apks_wandoujia/apks/all_app/bilibili直播姬.apk,11.179437637329102
/media/mobile/myExperiment/apps/apks_wandoujia/apks/all_app/CHINA DAILY.apk,20.329812049865723
/media/mobile/myExperiment/apps/apks_wandoujia/apks/all_app/多听FM.apk,10.50632095336914
/media/mobile/myExperiment/apps/apks_wandoujia/apks/all_app/招商银行.apk,54.87971496582031
/media/mobile/myExperiment/apps/apks_wandoujia/apks/all_app/镜子.apk,4.959724426269531
/media/mobile/myExperiment/apps/apks_wandoujia/apks/all_app/4G信号增强器.apk,0.3858757019042969
/media/mobile/myExperiment/apps/apks_wandoujia/apks/all_app/Fuji Xerox Print Utility.apk,24.074519157409668
/media/mobile/myExperiment/apps/apks_wandoujia/apks/all_app/免费电子书.apk,6.689682960510254
/media/mobile/myExperiment/apps/apks_wandoujia/apks/all_app/美丽修行.apk,6.879055023193359
/media/mobile/myExperiment/apps/apks_wandoujia/apks/all_app/Ami桌面.apk,8.012591361999512
/media/mobile/myExperiment/apps/apks_wandoujia/apks/all_app/儿歌点点.apk,6.315690040588379
/media/mobile/myExperiment/apps/apks_wandoujia/apks/all_app/EXO动态壁纸主题锁屏.apk,4.333453178405762
/media/mobile/myExperiment/apps/apks_wandoujia/apks/all_app/Ali Safdar.apk,0.3922748565673828
/media/mobile/myExperiment/apps/apks_wandoujia/apks/all_app/知乎.apk,27.195521354675293
/media/mobile/myExperiment/apps/apks_wandoujia/apks/all_app/影视大全.apk,28.245844841003418
/media/mobile/myExperiment/apps/apks_wandoujia/apks/all_app/e乐活.apk,10.614696502685547
/media/mobile/myExperiment/apps/apks_wandoujia/apks/all_app/9块9包邮.apk,1.6957435607910156
/media/mobile/myExperiment/apps/apks_wandoujia/apks/all_app/糖果工厂.apk,75.14269161224365
/media/mobile/myExperiment/apps/apks_wandoujia/apks/all_app/TSF Launcher.apk,10.122844696044922
/media/mobile/myExperiment/apps/apks_wandoujia/apks/all_app/小豆苗疫苗助手.apk,10.25514030456543
/media/mobile/myExperiment/apps/apks_wandoujia/apks/all_app/途家.apk,20.636271476745605
/media/mobile/myExperiment/apps/apks_wandoujia/apks/all_app/宜人贷借款.apk,26.72329044342041
/media/mobile/myExperiment/apps/apks_wandoujia/apks/all_app/GO 开关+.apk,3.742608070373535
/media/mobile/myExperiment/apps/apks_wandoujia/apks/all_app/91通讯录.apk,5.331676483154297
/media/mobile/myExperiment/apps/apks_wandoujia/apks/all_app/百分网.apk,3.6663408279418945
/media/mobile/myExperiment/apps/apks_wandoujia/apks/all_app/EXO边伯贤主题锁屏.apk,4.12828254699707
